{
	"BUILD_DIR" : "/home/seame/build-Head_Unit_app-Desktop-Debug/IC_someip-someip_autogen",
	"CMAKE_BINARY_DIR" : "/home/seame/build-Head_Unit_app-Desktop-Debug",
	"CMAKE_CURRENT_BINARY_DIR" : "/home/seame/build-Head_Unit_app-Desktop-Debug",
	"CMAKE_CURRENT_SOURCE_DIR" : "/home/seame/HU_App/Head_Unit_app",
	"CMAKE_EXECUTABLE" : "/usr/bin/cmake",
	"CMAKE_LIST_FILES" : 
	[
		"/home/seame/HU_App/Head_Unit_app/CMakeLists.txt",
		"/usr/share/qtcreator/package-manager/auto-setup.cmake",
		"/usr/share/cmake-3.22/Modules/CMakeDetermineSystem.cmake",
		"/usr/share/cmake-3.22/Modules/CMakeSystem.cmake.in",
		"/home/seame/build-Head_Unit_app-Desktop-Debug/CMakeFiles/3.22.1/CMakeSystem.cmake",
		"/usr/share/cmake-3.22/Modules/CMakeUnixFindMake.cmake",
		"/usr/share/cmake-3.22/Modules/CMakeSystemSpecificInitialize.cmake",
		"/usr/share/cmake-3.22/Modules/CMakeDetermineCXXCompiler.cmake",
		"/usr/share/cmake-3.22/Modules/CMakeDetermineCompiler.cmake",
		"/usr/share/cmake-3.22/Modules/Platform/Linux-Determine-CXX.cmake",
		"/usr/share/cmake-3.22/Modules/CMakeDetermineCompilerId.cmake",
		"/usr/share/cmake-3.22/Modules/CMakeCompilerIdDetection.cmake",
		"/usr/share/cmake-3.22/Modules/Compiler/ADSP-DetermineCompiler.cmake",
		"/usr/share/cmake-3.22/Modules/Compiler/ARMCC-DetermineCompiler.cmake",
		"/usr/share/cmake-3.22/Modules/Compiler/ARMClang-DetermineCompiler.cmake",
		"/usr/share/cmake-3.22/Modules/Compiler/AppleClang-DetermineCompiler.cmake",
		"/usr/share/cmake-3.22/Modules/Compiler/Clang-DetermineCompilerInternal.cmake",
		"/usr/share/cmake-3.22/Modules/Compiler/Borland-DetermineCompiler.cmake",
		"/usr/share/cmake-3.22/Modules/Compiler/Clang-DetermineCompiler.cmake",
		"/usr/share/cmake-3.22/Modules/Compiler/Clang-DetermineCompilerInternal.cmake",
		"/usr/share/cmake-3.22/Modules/Compiler/Comeau-CXX-DetermineCompiler.cmake",
		"/usr/share/cmake-3.22/Modules/Compiler/Compaq-CXX-DetermineCompiler.cmake",
		"/usr/share/cmake-3.22/Modules/Compiler/Cray-DetermineCompiler.cmake",
		"/usr/share/cmake-3.22/Modules/Compiler/Embarcadero-DetermineCompiler.cmake",
		"/usr/share/cmake-3.22/Modules/Compiler/Fujitsu-DetermineCompiler.cmake",
		"/usr/share/cmake-3.22/Modules/Compiler/FujitsuClang-DetermineCompiler.cmake",
		"/usr/share/cmake-3.22/Modules/Compiler/GHS-DetermineCompiler.cmake",
		"/usr/share/cmake-3.22/Modules/Compiler/GNU-CXX-DetermineCompiler.cmake",
		"/usr/share/cmake-3.22/Modules/Compiler/HP-CXX-DetermineCompiler.cmake",
		"/usr/share/cmake-3.22/Modules/Compiler/IAR-DetermineCompiler.cmake",
		"/usr/share/cmake-3.22/Modules/Compiler/Intel-DetermineCompiler.cmake",
		"/usr/share/cmake-3.22/Modules/Compiler/IntelLLVM-DetermineCompiler.cmake",
		"/usr/share/cmake-3.22/Modules/Compiler/MSVC-DetermineCompiler.cmake",
		"/usr/share/cmake-3.22/Modules/Compiler/NVHPC-DetermineCompiler.cmake",
		"/usr/share/cmake-3.22/Modules/Compiler/NVIDIA-DetermineCompiler.cmake",
		"/usr/share/cmake-3.22/Modules/Compiler/OpenWatcom-DetermineCompiler.cmake",
		"/usr/share/cmake-3.22/Modules/Compiler/PGI-DetermineCompiler.cmake",
		"/usr/share/cmake-3.22/Modules/Compiler/PathScale-DetermineCompiler.cmake",
		"/usr/share/cmake-3.22/Modules/Compiler/SCO-DetermineCompiler.cmake",
		"/usr/share/cmake-3.22/Modules/Compiler/SunPro-CXX-DetermineCompiler.cmake",
		"/usr/share/cmake-3.22/Modules/Compiler/TI-DetermineCompiler.cmake",
		"/usr/share/cmake-3.22/Modules/Compiler/VisualAge-CXX-DetermineCompiler.cmake",
		"/usr/share/cmake-3.22/Modules/Compiler/IBMCPP-CXX-DetermineVersionInternal.cmake",
		"/usr/share/cmake-3.22/Modules/Compiler/Watcom-DetermineCompiler.cmake",
		"/usr/share/cmake-3.22/Modules/Compiler/XL-CXX-DetermineCompiler.cmake",
		"/usr/share/cmake-3.22/Modules/Compiler/IBMCPP-CXX-DetermineVersionInternal.cmake",
		"/usr/share/cmake-3.22/Modules/Compiler/XLClang-CXX-DetermineCompiler.cmake",
		"/usr/share/cmake-3.22/Modules/Compiler/zOS-CXX-DetermineCompiler.cmake",
		"/usr/share/cmake-3.22/Modules/Compiler/IBMCPP-CXX-DetermineVersionInternal.cmake",
		"/usr/share/cmake-3.22/Modules/CMakeFindBinUtils.cmake",
		"/usr/share/cmake-3.22/Modules/Compiler/GNU-FindBinUtils.cmake",
		"/usr/share/cmake-3.22/Modules/CMakeCXXCompiler.cmake.in",
		"/home/seame/build-Head_Unit_app-Desktop-Debug/CMakeFiles/3.22.1/CMakeCXXCompiler.cmake",
		"/usr/share/cmake-3.22/Modules/CMakeSystemSpecificInformation.cmake",
		"/usr/share/cmake-3.22/Modules/CMakeGenericSystem.cmake",
		"/usr/share/cmake-3.22/Modules/CMakeInitializeConfigs.cmake",
		"/usr/share/cmake-3.22/Modules/Platform/Linux.cmake",
		"/usr/share/cmake-3.22/Modules/Platform/UnixPaths.cmake",
		"/usr/share/cmake-3.22/Modules/CMakeCXXInformation.cmake",
		"/usr/share/cmake-3.22/Modules/CMakeLanguageInformation.cmake",
		"/usr/share/cmake-3.22/Modules/Compiler/GNU-CXX.cmake",
		"/usr/share/cmake-3.22/Modules/Compiler/GNU.cmake",
		"/usr/share/cmake-3.22/Modules/Compiler/CMakeCommonCompilerMacros.cmake",
		"/usr/share/cmake-3.22/Modules/Platform/Linux-GNU-CXX.cmake",
		"/usr/share/cmake-3.22/Modules/Platform/Linux-GNU.cmake",
		"/usr/share/cmake-3.22/Modules/CMakeCommonLanguageInclude.cmake",
		"/usr/share/cmake-3.22/Modules/CMakeTestCXXCompiler.cmake",
		"/usr/share/cmake-3.22/Modules/CMakeTestCompilerCommon.cmake",
		"/usr/share/cmake-3.22/Modules/CMakeDetermineCompilerABI.cmake",
		"/usr/share/cmake-3.22/Modules/CMakeParseImplicitIncludeInfo.cmake",
		"/usr/share/cmake-3.22/Modules/CMakeParseImplicitLinkInfo.cmake",
		"/usr/share/cmake-3.22/Modules/CMakeParseLibraryArchitecture.cmake",
		"/usr/share/cmake-3.22/Modules/CMakeTestCompilerCommon.cmake",
		"/usr/share/cmake-3.22/Modules/CMakeCXXCompilerABI.cpp",
		"/usr/share/cmake-3.22/Modules/CMakeDetermineCompileFeatures.cmake",
		"/usr/share/cmake-3.22/Modules/Internal/FeatureTesting.cmake",
		"/usr/share/cmake-3.22/Modules/CMakeCXXCompiler.cmake.in",
		"/home/seame/build-Head_Unit_app-Desktop-Debug/CMakeFiles/3.22.1/CMakeCXXCompiler.cmake",
		"/usr/lib/x86_64-linux-gnu/cmake/Qt5/Qt5ConfigVersion.cmake",
		"/usr/lib/x86_64-linux-gnu/cmake/Qt5/Qt5Config.cmake",
		"/usr/lib/x86_64-linux-gnu/cmake/Qt5/Qt5ConfigVersion.cmake",
		"/usr/lib/x86_64-linux-gnu/cmake/Qt5/Qt5Config.cmake",
		"/usr/lib/x86_64-linux-gnu/cmake/Qt5/Qt5ModuleLocation.cmake",
		"/usr/lib/x86_64-linux-gnu/cmake/Qt5Core/Qt5CoreConfigVersion.cmake",
		"/usr/lib/x86_64-linux-gnu/cmake/Qt5Core/Qt5CoreConfig.cmake",
		"/usr/lib/x86_64-linux-gnu/cmake/Qt5Core/Qt5CoreConfigExtras.cmake",
		"/usr/lib/x86_64-linux-gnu/cmake/Qt5Core/Qt5CoreConfigExtrasMkspecDir.cmake",
		"/usr/lib/x86_64-linux-gnu/cmake/Qt5Core/Qt5CoreMacros.cmake",
		"/usr/share/cmake-3.22/Modules/CMakeParseArguments.cmake",
		"/usr/lib/x86_64-linux-gnu/cmake/Qt5Quick/Qt5QuickConfigVersion.cmake",
		"/usr/lib/x86_64-linux-gnu/cmake/Qt5Quick/Qt5QuickConfig.cmake",
		"/usr/lib/x86_64-linux-gnu/cmake/Qt5QmlModels/Qt5QmlModelsConfigVersion.cmake",
		"/usr/lib/x86_64-linux-gnu/cmake/Qt5QmlModels/Qt5QmlModelsConfig.cmake",
		"/usr/lib/x86_64-linux-gnu/cmake/Qt5Qml/Qt5QmlConfigVersion.cmake",
		"/usr/lib/x86_64-linux-gnu/cmake/Qt5Qml/Qt5QmlConfig.cmake",
		"/usr/lib/x86_64-linux-gnu/cmake/Qt5Network/Qt5NetworkConfigVersion.cmake",
		"/usr/lib/x86_64-linux-gnu/cmake/Qt5Network/Qt5NetworkConfig.cmake",
		"/usr/lib/x86_64-linux-gnu/cmake/Qt5Network/Qt5Network_QConnmanEnginePlugin.cmake",
		"/usr/lib/x86_64-linux-gnu/cmake/Qt5Network/Qt5Network_QGenericEnginePlugin.cmake",
		"/usr/lib/x86_64-linux-gnu/cmake/Qt5Network/Qt5Network_QNetworkManagerEnginePlugin.cmake",
		"/usr/lib/x86_64-linux-gnu/cmake/Qt5Qml/Qt5Qml_QDebugMessageServiceFactory.cmake",
		"/usr/lib/x86_64-linux-gnu/cmake/Qt5Qml/Qt5Qml_QLocalClientConnectionFactory.cmake",
		"/usr/lib/x86_64-linux-gnu/cmake/Qt5Qml/Qt5Qml_QQmlDebugServerFactory.cmake",
		"/usr/lib/x86_64-linux-gnu/cmake/Qt5Qml/Qt5Qml_QQmlDebuggerServiceFactory.cmake",
		"/usr/lib/x86_64-linux-gnu/cmake/Qt5Qml/Qt5Qml_QQmlInspectorServiceFactory.cmake",
		"/usr/lib/x86_64-linux-gnu/cmake/Qt5Qml/Qt5Qml_QQmlNativeDebugConnectorFactory.cmake",
		"/usr/lib/x86_64-linux-gnu/cmake/Qt5Qml/Qt5Qml_QQmlNativeDebugServiceFactory.cmake",
		"/usr/lib/x86_64-linux-gnu/cmake/Qt5Qml/Qt5Qml_QQmlPreviewServiceFactory.cmake",
		"/usr/lib/x86_64-linux-gnu/cmake/Qt5Qml/Qt5Qml_QQmlProfilerServiceFactory.cmake",
		"/usr/lib/x86_64-linux-gnu/cmake/Qt5Qml/Qt5Qml_QQuickProfilerAdapterFactory.cmake",
		"/usr/lib/x86_64-linux-gnu/cmake/Qt5Qml/Qt5Qml_QTcpServerConnectionFactory.cmake",
		"/usr/lib/x86_64-linux-gnu/cmake/Qt5Qml/Qt5QmlConfigExtras.cmake",
		"/usr/lib/x86_64-linux-gnu/cmake/Qt5Gui/Qt5GuiConfigVersion.cmake",
		"/usr/lib/x86_64-linux-gnu/cmake/Qt5Gui/Qt5GuiConfig.cmake",
		"/usr/lib/x86_64-linux-gnu/cmake/Qt5Gui/Qt5Gui_QComposePlatformInputContextPlugin.cmake",
		"/usr/lib/x86_64-linux-gnu/cmake/Qt5Gui/Qt5Gui_QEglFSEmulatorIntegrationPlugin.cmake",
		"/usr/lib/x86_64-linux-gnu/cmake/Qt5Gui/Qt5Gui_QEglFSIntegrationPlugin.cmake",
		"/usr/lib/x86_64-linux-gnu/cmake/Qt5Gui/Qt5Gui_QEglFSKmsEglDeviceIntegrationPlugin.cmake",
		"/usr/lib/x86_64-linux-gnu/cmake/Qt5Gui/Qt5Gui_QEglFSKmsGbmIntegrationPlugin.cmake",
		"/usr/lib/x86_64-linux-gnu/cmake/Qt5Gui/Qt5Gui_QEglFSX11IntegrationPlugin.cmake",
		"/usr/lib/x86_64-linux-gnu/cmake/Qt5Gui/Qt5Gui_QEvdevKeyboardPlugin.cmake",
		"/usr/lib/x86_64-linux-gnu/cmake/Qt5Gui/Qt5Gui_QEvdevMousePlugin.cmake",
		"/usr/lib/x86_64-linux-gnu/cmake/Qt5Gui/Qt5Gui_QEvdevTabletPlugin.cmake",
		"/usr/lib/x86_64-linux-gnu/cmake/Qt5Gui/Qt5Gui_QEvdevTouchScreenPlugin.cmake",
		"/usr/lib/x86_64-linux-gnu/cmake/Qt5Gui/Qt5Gui_QGifPlugin.cmake",
		"/usr/lib/x86_64-linux-gnu/cmake/Qt5Gui/Qt5Gui_QICOPlugin.cmake",
		"/usr/lib/x86_64-linux-gnu/cmake/Qt5Gui/Qt5Gui_QIbusPlatformInputContextPlugin.cmake",
		"/usr/lib/x86_64-linux-gnu/cmake/Qt5Gui/Qt5Gui_QJpegPlugin.cmake",
		"/usr/lib/x86_64-linux-gnu/cmake/Qt5Gui/Qt5Gui_QLibInputPlugin.cmake",
		"/usr/lib/x86_64-linux-gnu/cmake/Qt5Gui/Qt5Gui_QLinuxFbIntegrationPlugin.cmake",
		"/usr/lib/x86_64-linux-gnu/cmake/Qt5Gui/Qt5Gui_QMinimalEglIntegrationPlugin.cmake",
		"/usr/lib/x86_64-linux-gnu/cmake/Qt5Gui/Qt5Gui_QMinimalIntegrationPlugin.cmake",
		"/usr/lib/x86_64-linux-gnu/cmake/Qt5Gui/Qt5Gui_QOffscreenIntegrationPlugin.cmake",
		"/usr/lib/x86_64-linux-gnu/cmake/Qt5Gui/Qt5Gui_QTuioTouchPlugin.cmake",
		"/usr/lib/x86_64-linux-gnu/cmake/Qt5Gui/Qt5Gui_QVncIntegrationPlugin.cmake",
		"/usr/lib/x86_64-linux-gnu/cmake/Qt5Gui/Qt5Gui_QXcbEglIntegrationPlugin.cmake",
		"/usr/lib/x86_64-linux-gnu/cmake/Qt5Gui/Qt5Gui_QXcbGlxIntegrationPlugin.cmake",
		"/usr/lib/x86_64-linux-gnu/cmake/Qt5Gui/Qt5Gui_QXcbIntegrationPlugin.cmake",
		"/usr/lib/x86_64-linux-gnu/cmake/Qt5Gui/Qt5GuiConfigExtras.cmake",
		"/usr/lib/x86_64-linux-gnu/cmake/Qt5WebEngine/Qt5WebEngineConfigVersion.cmake",
		"/usr/lib/x86_64-linux-gnu/cmake/Qt5WebEngine/Qt5WebEngineConfig.cmake",
		"/usr/lib/x86_64-linux-gnu/cmake/Qt5WebEngineCore/Qt5WebEngineCoreConfigVersion.cmake",
		"/usr/lib/x86_64-linux-gnu/cmake/Qt5WebEngineCore/Qt5WebEngineCoreConfig.cmake",
		"/usr/lib/x86_64-linux-gnu/cmake/Qt5WebChannel/Qt5WebChannelConfigVersion.cmake",
		"/usr/lib/x86_64-linux-gnu/cmake/Qt5WebChannel/Qt5WebChannelConfig.cmake",
		"/usr/lib/x86_64-linux-gnu/cmake/Qt5Positioning/Qt5PositioningConfigVersion.cmake",
		"/usr/lib/x86_64-linux-gnu/cmake/Qt5Positioning/Qt5PositioningConfig.cmake",
		"/usr/lib/x86_64-linux-gnu/cmake/Qt5Positioning/Qt5Positioning_QGeoPositionInfoSourceFactoryGeoclue.cmake",
		"/usr/lib/x86_64-linux-gnu/cmake/Qt5Positioning/Qt5Positioning_QGeoPositionInfoSourceFactoryGeoclue2.cmake",
		"/usr/lib/x86_64-linux-gnu/cmake/Qt5Positioning/Qt5Positioning_QGeoPositionInfoSourceFactoryPoll.cmake",
		"/usr/lib/x86_64-linux-gnu/cmake/Qt5Network/Qt5NetworkConfigVersion.cmake",
		"/usr/lib/x86_64-linux-gnu/cmake/Qt5Network/Qt5NetworkConfig.cmake",
		"/home/seame/HU_App/Head_Unit_app/qml.qrc",
		"/home/seame/HU_App/Head_Unit_app/resource.qrc"
	],
	"CMAKE_SOURCE_DIR" : "/home/seame/HU_App/Head_Unit_app",
	"DEP_FILE" : "",
	"DEP_FILE_RULE_NAME" : "",
	"HEADERS" : [],
	"HEADER_EXTENSIONS" : [ "h", "hh", "h++", "hm", "hpp", "hxx", "in", "txx" ],
	"INCLUDE_DIR" : "/home/seame/build-Head_Unit_app-Desktop-Debug/IC_someip-someip_autogen/include",
	"MOC_COMPILATION_FILE" : "/home/seame/build-Head_Unit_app-Desktop-Debug/IC_someip-someip_autogen/mocs_compilation.cpp",
	"MOC_DEFINITIONS" : [ "IC_someip_someip_EXPORTS" ],
	"MOC_DEPEND_FILTERS" : 
	[
		[
			"Q_PLUGIN_METADATA",
			"[\n][ \t]*Q_PLUGIN_METADATA[ \t]*\\([^\\)]*FILE[ \t]*\"([^\"]+)\""
		]
	],
	"MOC_INCLUDES" : 
	[
		"/home/seame/build-Head_Unit_app-Desktop-Debug",
		"/home/seame/HU_App/Head_Unit_app",
		"/usr/include/c++/11",
		"/usr/include/x86_64-linux-gnu/c++/11",
		"/usr/include/c++/11/backward",
		"/usr/lib/gcc/x86_64-linux-gnu/11/include",
		"/usr/local/include",
		"/usr/include/x86_64-linux-gnu",
		"/usr/include"
	],
	"MOC_MACRO_NAMES" : [ "Q_OBJECT", "Q_GADGET", "Q_NAMESPACE", "Q_NAMESPACE_EXPORT" ],
	"MOC_OPTIONS" : [],
	"MOC_PATH_PREFIX" : false,
	"MOC_PREDEFS_CMD" : 
	[
		"/usr/bin/g++",
		"-dM",
		"-E",
		"-c",
		"/usr/share/cmake-3.22/Modules/CMakeCXXCompilerABI.cpp"
	],
	"MOC_PREDEFS_FILE" : "/home/seame/build-Head_Unit_app-Desktop-Debug/IC_someip-someip_autogen/moc_predefs.h",
	"MOC_RELAXED_MODE" : false,
	"MOC_SKIP" : 
	[
		"/home/seame/build-Head_Unit_app-Desktop-Debug/Head_Unit_app_autogen/EWIEGA46WW/qrc_qml.cpp",
		"/home/seame/build-Head_Unit_app-Desktop-Debug/Head_Unit_app_autogen/EWIEGA46WW/qrc_resource.cpp",
		"/home/seame/build-Head_Unit_app-Desktop-Debug/Head_Unit_app_autogen/mocs_compilation.cpp"
	],
	"MULTI_CONFIG" : false,
	"PARALLEL" : 14,
	"PARSE_CACHE_FILE" : "/home/seame/build-Head_Unit_app-Desktop-Debug/CMakeFiles/IC_someip-someip_autogen.dir/ParseCache.txt",
	"QT_MOC_EXECUTABLE" : "/usr/lib/qt5/bin/moc",
	"QT_UIC_EXECUTABLE" : "",
	"QT_VERSION_MAJOR" : 5,
	"QT_VERSION_MINOR" : 15,
	"SETTINGS_FILE" : "/home/seame/build-Head_Unit_app-Desktop-Debug/CMakeFiles/IC_someip-someip_autogen.dir/AutogenUsed.txt",
	"SOURCES" : [],
	"UIC_OPTIONS" : [],
	"UIC_SEARCH_PATHS" : [],
	"UIC_SKIP" : 
	[
		"/home/seame/build-Head_Unit_app-Desktop-Debug/Head_Unit_app_autogen/EWIEGA46WW/qrc_qml.cpp",
		"/home/seame/build-Head_Unit_app-Desktop-Debug/Head_Unit_app_autogen/EWIEGA46WW/qrc_resource.cpp",
		"/home/seame/build-Head_Unit_app-Desktop-Debug/Head_Unit_app_autogen/mocs_compilation.cpp"
	],
	"UIC_UI_FILES" : [],
	"VERBOSITY" : 0
}
