{
    "unicast" : "192.168.86.115",
    "logging" :
    {
        "level" : "debug",
        "console" : "true",
        "file" : { "enable" : "false", "path" : "/var/log/vsomeip.log" },
        "dlt" : "false"
    },
    "applications" : 
    [
        {
            "name" : "Head_Unit_app",
            "id" : "0x1313"
        } 
    ],

    "routing" : "Head_Unit_app",
    "service-discovery" :
    {
        "enable" : "true",
        "multicast" : "224.224.224.243",
        "port" : "30499",
        "protocol" : "udp",
        "initial_delay_min" : "100",
        "initial_delay_max" : "500",
        "repetitions_base_delay" : "200",
        "repetitions_max" : "3",
        "ttl" : "10",
        "cyclic_offer_delay" : "5000",
        "request_response_delay" : "1500"
    }
}
