{
	"BUILD_DIR" : "/home/seame/build-Head_Unit_app-Desktop-Debug/Head_Unit_app_autogen",
	"CMAKE_BINARY_DIR" : "/home/seame/build-Head_Unit_app-Desktop-Debug",
	"CMAKE_CURRENT_BINARY_DIR" : "/home/seame/build-Head_Unit_app-Desktop-Debug",
	"CMAKE_CURRENT_SOURCE_DIR" : "/home/seame/HU_App/Head_Unit_app",
	"CMAKE_SOURCE_DIR" : "/home/seame/HU_App/Head_Unit_app",
	"INCLUDE_DIR" : "/home/seame/build-Head_Unit_app-Desktop-Debug/Head_Unit_app_autogen/include",
	"INPUTS" : 
	[
		"/home/seame/HU_App/Head_Unit_app/icon_home.png",
		"/home/seame/HU_App/Head_Unit_app/img_video.jpg",
		"/home/seame/HU_App/Head_Unit_app/porsche-91.png",
		"/home/seame/HU_App/Head_Unit_app/simple_mode.jpg",
		"/home/seame/HU_App/Head_Unit_app/left_origin.png",
		"/home/seame/HU_App/Head_Unit_app/icon_mode.png",
		"/home/seame/HU_App/Head_Unit_app/img_map.jpg",
		"/home/seame/HU_App/Head_Unit_app/right_origin.png",
		"/home/seame/HU_App/Head_Unit_app/dark-blue-product-background.jpg",
		"/home/seame/HU_App/Head_Unit_app/img_music.jpg",
		"/home/seame/HU_App/Head_Unit_app/img_driving_mode.jpg",
		"/home/seame/HU_App/Head_Unit_app/icon_youtube.png",
		"/home/seame/HU_App/Head_Unit_app/Pause.png",
		"/home/seame/HU_App/Head_Unit_app/left_green.png",
		"/home/seame/HU_App/Head_Unit_app/icon_menu.png",
		"/home/seame/HU_App/Head_Unit_app/icon_music.png",
		"/home/seame/HU_App/Head_Unit_app/right_green.png",
		"/home/seame/HU_App/Head_Unit_app/Play.png",
		"/home/seame/HU_App/Head_Unit_app/Battery.png",
		"/home/seame/HU_App/Head_Unit_app/sports_mode.jpg",
		"/home/seame/HU_App/Head_Unit_app/img_weather.jpg",
		"/home/seame/HU_App/Head_Unit_app/normal_mode.jpg",
		"/home/seame/HU_App/Head_Unit_app/weather_image/rain_heavy.png",
		"/home/seame/HU_App/Head_Unit_app/weather_image/smog.png",
		"/home/seame/HU_App/Head_Unit_app/weather_image/snow.png",
		"/home/seame/HU_App/Head_Unit_app/weather_image/cloud_meatball.png",
		"/home/seame/HU_App/Head_Unit_app/weather_image/cloud_sun.png",
		"/home/seame/HU_App/Head_Unit_app/weather_image/storm.png",
		"/home/seame/HU_App/Head_Unit_app/weather_image/cloud.png",
		"/home/seame/HU_App/Head_Unit_app/weather_image/sunny.png",
		"/home/seame/HU_App/Head_Unit_app/weather_image/cloud_sun_rain.png"
	],
	"LOCK_FILE" : "/home/seame/build-Head_Unit_app-Desktop-Debug/CMakeFiles/Head_Unit_app_autogen.dir/AutoRcc_resource_EWIEGA46WW_Lock.lock",
	"MULTI_CONFIG" : false,
	"OPTIONS" : [ "-name", "resource" ],
	"OUTPUT_CHECKSUM" : "EWIEGA46WW",
	"OUTPUT_NAME" : "qrc_resource.cpp",
	"RCC_EXECUTABLE" : "/usr/lib/qt5/bin/rcc",
	"RCC_LIST_OPTIONS" : [ "--list" ],
	"SETTINGS_FILE" : "/home/seame/build-Head_Unit_app-Desktop-Debug/CMakeFiles/Head_Unit_app_autogen.dir/AutoRcc_resource_EWIEGA46WW_Used.txt",
	"SOURCE" : "/home/seame/HU_App/Head_Unit_app/resource.qrc",
	"VERBOSITY" : 0
}
