{
	"BUILD_DIR" : "/home/seame/build-Head_Unit_app-Desktop-Debug/Head_Unit_app_autogen",
	"CMAKE_BINARY_DIR" : "/home/seame/build-Head_Unit_app-Desktop-Debug",
	"CMAKE_CURRENT_BINARY_DIR" : "/home/seame/build-Head_Unit_app-Desktop-Debug",
	"CMAKE_CURRENT_SOURCE_DIR" : "/home/seame/HU_App/Head_Unit_app",
	"CMAKE_SOURCE_DIR" : "/home/seame/HU_App/Head_Unit_app",
	"INCLUDE_DIR" : "/home/seame/build-Head_Unit_app-Desktop-Debug/Head_Unit_app_autogen/include",
	"INPUTS" : 
	[
		"/home/seame/HU_App/Head_Unit_app/AppWidget.qml",
		"/home/seame/HU_App/Head_Unit_app/WeatherApplication.qml",
		"/home/seame/HU_App/Head_Unit_app/MapWidget.qml",
		"/home/seame/HU_App/Head_Unit_app/GearWidget.qml",
		"/home/seame/HU_App/Head_Unit_app/MusicApplication.qml",
		"/home/seame/HU_App/Head_Unit_app/CarWidget.qml",
		"/home/seame/HU_App/Head_Unit_app/GearText.qml",
		"/home/seame/HU_App/Head_Unit_app/GearBoxWindow.qml",
		"/home/seame/HU_App/Head_Unit_app/TopBar.qml",
		"/home/seame/HU_App/Head_Unit_app/VideoObject.qml",
		"/home/seame/HU_App/Head_Unit_app/InfoWidget.qml",
		"/home/seame/HU_App/Head_Unit_app/GearBox.qml",
		"/home/seame/HU_App/Head_Unit_app/HomeWidget.qml",
		"/home/seame/HU_App/Head_Unit_app/DrivingModeApplication.qml",
		"/home/seame/HU_App/Head_Unit_app/MapApplication.qml",
		"/home/seame/HU_App/Head_Unit_app/main.qml",
		"/home/seame/HU_App/Head_Unit_app/MenuButton.qml",
		"/home/seame/HU_App/Head_Unit_app/VideoApplication.qml",
		"/home/seame/HU_App/Head_Unit_app/MenuWindow.qml"
	],
	"LOCK_FILE" : "/home/seame/build-Head_Unit_app-Desktop-Debug/CMakeFiles/Head_Unit_app_autogen.dir/AutoRcc_qml_EWIEGA46WW_Lock.lock",
	"MULTI_CONFIG" : false,
	"OPTIONS" : [ "-name", "qml" ],
	"OUTPUT_CHECKSUM" : "EWIEGA46WW",
	"OUTPUT_NAME" : "qrc_qml.cpp",
	"RCC_EXECUTABLE" : "/usr/lib/qt5/bin/rcc",
	"RCC_LIST_OPTIONS" : [ "--list" ],
	"SETTINGS_FILE" : "/home/seame/build-Head_Unit_app-Desktop-Debug/CMakeFiles/Head_Unit_app_autogen.dir/AutoRcc_qml_EWIEGA46WW_Used.txt",
	"SOURCE" : "/home/seame/HU_App/Head_Unit_app/qml.qrc",
	"VERBOSITY" : 0
}
